text,label
Add call the client to my to-do list,todo
Remember to finish the project report,todo
Schedule a reminder for attend the meeting,reminder
I need a reminder to attend the meeting at 8 PM,reminder
I need a reminder to attend the meeting at in the evening,reminder
Notes from today's meeting about deployment strategy,note
This is an idea about API design,note
The meeting went well and we discussed deployment strategy,note
Notes from today's meeting about system architecture,note
Notes from today's meeting about API design,note
Set a reminder to attend the meeting next Monday,reminder
I need a reminder to attend the meeting at in the evening,reminder
I need a reminder to submit the report at 8 PM,reminder
Make sure to review the code,todo
Notes from today's meeting about project timelines,note
Schedule a reminder for submit the report,reminder
The meeting went well and we discussed API design,note
Notes from today's meeting about system architecture,note
Add call the client to my to-do list,todo
Thoughts on project timelines,note
I need a reminder to take medicine at 8 PM,reminder
Discussion summary regarding system architecture,note
Add call the client to my to-do list,todo
I need a reminder to submit the report at next Monday,reminder
I need a reminder to attend the meeting at tomorrow,reminder
I need a reminder to attend the meeting at 8 PM,reminder
I should call the client,todo
Thoughts on future development,note
I should submit the assignment,todo
Schedule a reminder for call John,reminder
Remember to buy groceries,todo
Please buy groceries,todo
Please review the code,todo
Thoughts on project timelines,note
Thoughts on system architecture,note
Schedule a reminder for submit the report,reminder
Set a reminder to submit the report next Monday,reminder
I need a reminder to call John at in the evening,reminder
Add finish the project report to my to-do list,todo
This is an idea about deployment strategy,note
Set a reminder to attend the meeting tomorrow,reminder
Discussion summary regarding deployment strategy,note
Notes from today's meeting about deployment strategy,note
Thoughts on API design,note
Schedule a reminder for take medicine,reminder
I should submit the assignment,todo
Don't let me forget to attend the meeting at tomorrow,reminder
I need a reminder to attend the meeting at tomorrow,reminder
Schedule a reminder for attend the meeting,reminder
Don't let me forget to take medicine at tomorrow,reminder
This is an idea about project timelines,note
I need to buy groceries,todo
Set a reminder to submit the report next Monday,reminder
This is an idea about project timelines,note
The meeting went well and we discussed deployment strategy,note
Don't let me forget to attend the meeting at tomorrow,reminder
I need to review the code,todo
Add buy groceries to my to-do list,todo
Set a reminder to attend the meeting in the evening,reminder
Remember to call the client,todo
Don't let me forget to take medicine at tomorrow,reminder
Set a reminder to call John next Monday,reminder
Please finish the project report,todo
Remind me to take medicine at tomorrow,reminder
Add call the client to my to-do list,todo
Schedule a reminder for call John,reminder
This is an idea about deployment strategy,note
The meeting went well and we discussed system architecture,note
Discussion summary regarding future development,note
Add call the client to my to-do list,todo
Remember to finish the project report,todo
I need to finish the project report,todo
Don't let me forget to submit the report at tomorrow,reminder
Thoughts on API design,note
Schedule a reminder for attend the meeting,reminder
I need to review the code,todo
Schedule a reminder for submit the report,reminder
Remember to submit the assignment,todo
Remind me to take medicine at next Monday,reminder
Notes from today's meeting about API design,note
Please buy groceries,todo
Notes from today's meeting about deployment strategy,note
Don't let me forget to take medicine at in the evening,reminder
Thoughts on future development,note
Remind me to take medicine at 8 PM,reminder
Don't let me forget to attend the meeting at next Monday,reminder
Discussion summary regarding deployment strategy,note
I need a reminder to take medicine at tomorrow,reminder
I need to submit the assignment,todo
Please finish the project report,todo
I should finish the project report,todo
Notes from today's meeting about deployment strategy,note
Add call the client to my to-do list,todo
Remind me to submit the report at next Monday,reminder
Add buy groceries to my to-do list,todo
Thoughts on future development,note
Don't let me forget to attend the meeting at tomorrow,reminder
Discussion summary regarding system architecture,note
Please finish the project report,todo
Don't let me forget to take medicine at in the evening,reminder
Discussion summary regarding deployment strategy,note
Don't let me forget to take medicine at next Monday,reminder
Add buy groceries to my to-do list,todo
I need to finish the project report,todo
Remind me to attend the meeting at in the evening,reminder
Discussion summary regarding system architecture,note
Make sure to submit the assignment,todo
Please call the client,todo
The meeting went well and we discussed API design,note
Set a reminder to take medicine next Monday,reminder
Thoughts on system architecture,note
Set a reminder to submit the report tomorrow,reminder
Add call the client to my to-do list,todo
Schedule a reminder for take medicine,reminder
Don't let me forget to take medicine at 8 PM,reminder
Remind me to take medicine at tomorrow,reminder
I need a reminder to take medicine at in the evening,reminder
This is an idea about future development,note
Remind me to take medicine at tomorrow,reminder
I need a reminder to submit the report at next Monday,reminder
Add buy groceries to my to-do list,todo
I need a reminder to submit the report at tomorrow,reminder
I need a reminder to attend the meeting at in the evening,reminder
Remind me to attend the meeting at tomorrow,reminder
The meeting went well and we discussed system architecture,note
I need a reminder to call John at 8 PM,reminder
Schedule a reminder for call John,reminder
This is an idea about deployment strategy,note
Don't let me forget to call John at tomorrow,reminder
The meeting went well and we discussed API design,note
The meeting went well and we discussed system architecture,note
Notes from today's meeting about future development,note
Notes from today's meeting about system architecture,note
Schedule a reminder for attend the meeting,reminder
Please review the code,todo
Remind me to take medicine at 8 PM,reminder
Please call the client,todo
Notes from today's meeting about API design,note
I need to review the code,todo
Don't let me forget to submit the report at tomorrow,reminder
Make sure to buy groceries,todo
This is an idea about project timelines,note
Don't let me forget to take medicine at 8 PM,reminder
Make sure to submit the assignment,todo
I need to call the client,todo
Set a reminder to submit the report next Monday,reminder
This is an idea about project timelines,note
I should review the code,todo
I need a reminder to attend the meeting at 8 PM,reminder
I need to submit the assignment,todo
Schedule a reminder for take medicine,reminder
I need to review the code,todo
I need a reminder to take medicine at next Monday,reminder
I need to review the code,todo
Discussion summary regarding deployment strategy,note
Discussion summary regarding API design,note
Please submit the assignment,todo
Set a reminder to take medicine in the evening,reminder
Discussion summary regarding system architecture,note
Add finish the project report to my to-do list,todo
This is an idea about deployment strategy,note
Discussion summary regarding API design,note
This is an idea about API design,note
Please review the code,todo
Thoughts on project timelines,note
Set a reminder to attend the meeting 8 PM,reminder
Set a reminder to submit the report tomorrow,reminder
Make sure to finish the project report,todo
Thoughts on deployment strategy,note
I need to submit the assignment,todo
Thoughts on project timelines,note
Discussion summary regarding project timelines,note
I need to call the client,todo
Discussion summary regarding system architecture,note
Discussion summary regarding system architecture,note
Don't let me forget to call John at 8 PM,reminder
The meeting went well and we discussed deployment strategy,note
Make sure to finish the project report,todo
Please buy groceries,todo
I need to finish the project report,todo
Schedule a reminder for take medicine,reminder
Make sure to submit the assignment,todo
I should submit the assignment,todo
I should call the client,todo
I need a reminder to call John at 8 PM,reminder
Make sure to finish the project report,todo
Set a reminder to take medicine tomorrow,reminder
Schedule a reminder for submit the report,reminder
Set a reminder to take medicine next Monday,reminder
Remember to submit the assignment,todo
Make sure to finish the project report,todo
I should call the client,todo
Set a reminder to take medicine 8 PM,reminder
Add finish the project report to my to-do list,todo
The meeting went well and we discussed future development,note
This is an idea about system architecture,note
I should finish the project report,todo
I should review the code,todo
I need to submit the assignment,todo
Remember to finish the project report,todo
This is an idea about deployment strategy,note
The meeting went well and we discussed project timelines,note
This is an idea about project timelines,note
Schedule a reminder for submit the report,reminder
Schedule a reminder for call John,reminder
Thoughts on API design,note
Thoughts on deployment strategy,note
I need a reminder to take medicine at in the evening,reminder
I need to buy groceries,todo
I should finish the project report,todo
Discussion summary regarding project timelines,note
Thoughts on system architecture,note
I should review the code,todo
This is an idea about project timelines,note
Please finish the project report,todo
I need a reminder to submit the report at next Monday,reminder
Discussion summary regarding project timelines,note
Don't let me forget to submit the report at tomorrow,reminder
Schedule a reminder for take medicine,reminder
Set a reminder to attend the meeting in the evening,reminder
Remind me to call John at in the evening,reminder
Discussion summary regarding API design,note
Make sure to call the client,todo
Add review the code to my to-do list,todo
Remind me to call John at next Monday,reminder
I should call the client,todo
Schedule a reminder for submit the report,reminder
Add review the code to my to-do list,todo
Thoughts on future development,note
Please buy groceries,todo
Discussion summary regarding deployment strategy,note
Thoughts on future development,note
Make sure to buy groceries,todo
Add buy groceries to my to-do list,todo
Set a reminder to take medicine 8 PM,reminder
Make sure to finish the project report,todo
Discussion summary regarding API design,note
Remember to call the client,todo
Schedule a reminder for submit the report,reminder
Remind me to submit the report at in the evening,reminder
Schedule a reminder for take medicine,reminder
Add call the client to my to-do list,todo
Add call the client to my to-do list,todo
Please review the code,todo
I need a reminder to call John at in the evening,reminder
Don't let me forget to call John at 8 PM,reminder
Thoughts on project timelines,note
Remember to finish the project report,todo
Don't let me forget to take medicine at 8 PM,reminder
Set a reminder to take medicine next Monday,reminder
Notes from today's meeting about API design,note
Please call the client,todo
I need a reminder to call John at 8 PM,reminder
Add finish the project report to my to-do list,todo
Please buy groceries,todo
Thoughts on future development,note
Don't let me forget to attend the meeting at next Monday,reminder
Thoughts on future development,note
Add submit the assignment to my to-do list,todo
Don't let me forget to submit the report at in the evening,reminder
Set a reminder to attend the meeting 8 PM,reminder
Notes from today's meeting about API design,note
This is an idea about project timelines,note
Remember to submit the assignment,todo
Discussion summary regarding deployment strategy,note
Remind me to attend the meeting at next Monday,reminder
Don't let me forget to attend the meeting at in the evening,reminder
This is an idea about API design,note
This is an idea about deployment strategy,note
This is an idea about project timelines,note
Notes from today's meeting about project timelines,note
Remind me to take medicine at tomorrow,reminder
Notes from today's meeting about API design,note
Remind me to attend the meeting at tomorrow,reminder
Thoughts on API design,note
Notes from today's meeting about future development,note
The meeting went well and we discussed future development,note
Thoughts on future development,note
Add submit the assignment to my to-do list,todo
The meeting went well and we discussed system architecture,note
Remind me to submit the report at 8 PM,reminder
Set a reminder to call John next Monday,reminder
Schedule a reminder for take medicine,reminder
Make sure to review the code,todo
I need to buy groceries,todo
Notes from today's meeting about system architecture,note
Remember to submit the assignment,todo
Discussion summary regarding deployment strategy,note
Thoughts on project timelines,note
I need a reminder to submit the report at tomorrow,reminder
I need a reminder to attend the meeting at 8 PM,reminder
Don't let me forget to attend the meeting at 8 PM,reminder
Don't let me forget to take medicine at tomorrow,reminder
Add buy groceries to my to-do list,todo
Remind me to call John at next Monday,reminder
Discussion summary regarding future development,note
I need to call the client,todo
I need to call the client,todo
Don't let me forget to submit the report at in the evening,reminder
I should review the code,todo
I need to call the client,todo
Schedule a reminder for take medicine,reminder
Notes from today's meeting about system architecture,note
I need a reminder to submit the report at tomorrow,reminder
Add finish the project report to my to-do list,todo
Remember to submit the assignment,todo
This is an idea about deployment strategy,note
Thoughts on project timelines,note
Please submit the assignment,todo
Notes from today's meeting about project timelines,note
Set a reminder to call John next Monday,reminder
Make sure to finish the project report,todo
I need to buy groceries,todo
Don't let me forget to attend the meeting at 8 PM,reminder
The meeting went well and we discussed deployment strategy,note
Please call the client,todo
Schedule a reminder for take medicine,reminder
This is an idea about system architecture,note
Make sure to buy groceries,todo
Make sure to submit the assignment,todo
I should finish the project report,todo
Add submit the assignment to my to-do list,todo
Schedule a reminder for submit the report,reminder
Notes from today's meeting about project timelines,note
Remember to call the client,todo
Don't let me forget to take medicine at next Monday,reminder
Remember to buy groceries,todo
This is an idea about API design,note
I need a reminder to call John at tomorrow,reminder
Please review the code,todo
This is an idea about deployment strategy,note
Don't let me forget to call John at 8 PM,reminder
Add submit the assignment to my to-do list,todo
Remind me to submit the report at in the evening,reminder
Remember to review the code,todo
I need to review the code,todo
Make sure to finish the project report,todo
This is an idea about API design,note
I need a reminder to take medicine at 8 PM,reminder
Don't let me forget to attend the meeting at in the evening,reminder
Schedule a reminder for take medicine,reminder
Thoughts on future development,note
Thoughts on project timelines,note
I need a reminder to submit the report at next Monday,reminder
Thoughts on API design,note
This is an idea about deployment strategy,note
I should call the client,todo
I need a reminder to attend the meeting at 8 PM,reminder
This is an idea about system architecture,note
Schedule a reminder for attend the meeting,reminder
I need to buy groceries,todo
I should finish the project report,todo
I should submit the assignment,todo
Set a reminder to call John tomorrow,reminder
Make sure to review the code,todo
Remind me to attend the meeting at tomorrow,reminder
Thoughts on future development,note
Discussion summary regarding deployment strategy,note
I need to call the client,todo
This is an idea about API design,note
Add submit the assignment to my to-do list,todo
Set a reminder to call John tomorrow,reminder
Add buy groceries to my to-do list,todo
I should call the client,todo
Discussion summary regarding project timelines,note
Discussion summary regarding API design,note
Don't let me forget to attend the meeting at next Monday,reminder
I need to buy groceries,todo
Add buy groceries to my to-do list,todo
The meeting went well and we discussed deployment strategy,note
Schedule a reminder for submit the report,reminder
Set a reminder to call John tomorrow,reminder
Don't let me forget to submit the report at in the evening,reminder
Discussion summary regarding future development,note
I should buy groceries,todo
Schedule a reminder for attend the meeting,reminder
I should finish the project report,todo
I should review the code,todo
Don't let me forget to take medicine at tomorrow,reminder
I need to call the client,todo
This is an idea about system architecture,note
Notes from today's meeting about API design,note
The meeting went well and we discussed API design,note
Make sure to finish the project report,todo
Schedule a reminder for take medicine,reminder
Discussion summary regarding system architecture,note
Discussion summary regarding API design,note
Schedule a reminder for call John,reminder
Thoughts on API design,note
I need a reminder to attend the meeting at tomorrow,reminder
I should review the code,todo
The meeting went well and we discussed API design,note
I need a reminder to call John at in the evening,reminder
Add review the code to my to-do list,todo
The meeting went well and we discussed future development,note
I need a reminder to call John at next Monday,reminder
This is an idea about deployment strategy,note
Notes from today's meeting about system architecture,note
I need a reminder to call John at tomorrow,reminder
Thoughts on future development,note
Remember to submit the assignment,todo
This is an idea about system architecture,note
This is an idea about future development,note
Make sure to call the client,todo
Don't let me forget to attend the meeting at tomorrow,reminder
Remember to buy groceries,todo
This is an idea about project timelines,note
Schedule a reminder for attend the meeting,reminder
Discussion summary regarding project timelines,note
Make sure to review the code,todo
Don't let me forget to take medicine at next Monday,reminder
Notes from today's meeting about project timelines,note
Remember to buy groceries,todo
Please review the code,todo
Discussion summary regarding future development,note
Set a reminder to take medicine next Monday,reminder
Set a reminder to attend the meeting in the evening,reminder
I should submit the assignment,todo
I should submit the assignment,todo
Notes from today's meeting about API design,note
Make sure to buy groceries,todo
Make sure to review the code,todo
Discussion summary regarding project timelines,note
Add review the code to my to-do list,todo
Add call the client to my to-do list,todo
Please review the code,todo
I need a reminder to take medicine at next Monday,reminder
This is an idea about project timelines,note
Set a reminder to submit the report in the evening,reminder
Schedule a reminder for submit the report,reminder
Thoughts on project timelines,note
This is an idea about API design,note
Notes from today's meeting about system architecture,note
The meeting went well and we discussed deployment strategy,note
Thoughts on deployment strategy,note
Set a reminder to attend the meeting next Monday,reminder
The meeting went well and we discussed system architecture,note
Set a reminder to submit the report 8 PM,reminder
I need a reminder to call John at next Monday,reminder
Discussion summary regarding future development,note
Discussion summary regarding API design,note
Notes from today's meeting about project timelines,note
Schedule a reminder for take medicine,reminder
Discussion summary regarding project timelines,note
Don't let me forget to attend the meeting at in the evening,reminder
Notes from today's meeting about project timelines,note
The meeting went well and we discussed deployment strategy,note
Don't let me forget to attend the meeting at 8 PM,reminder
Don't let me forget to take medicine at in the evening,reminder
The meeting went well and we discussed system architecture,note
I should buy groceries,todo
Thoughts on system architecture,note
This is an idea about API design,note
Set a reminder to attend the meeting 8 PM,reminder
Remind me to attend the meeting at in the evening,reminder
Remind me to submit the report at next Monday,reminder
I need to review the code,todo
The meeting went well and we discussed future development,note
Thoughts on deployment strategy,note
This is an idea about future development,note
Remember to finish the project report,todo
I need to submit the assignment,todo
Remind me to attend the meeting at tomorrow,reminder
Add call the client to my to-do list,todo
Schedule a reminder for attend the meeting,reminder
Thoughts on API design,note
Please finish the project report,todo
Remind me to submit the report at in the evening,reminder
Don't let me forget to attend the meeting at tomorrow,reminder
I need a reminder to submit the report at 8 PM,reminder
Thoughts on system architecture,note
Set a reminder to attend the meeting tomorrow,reminder
This is an idea about project timelines,note
I should finish the project report,todo
Thoughts on API design,note
I need a reminder to take medicine at next Monday,reminder
Remind me to submit the report at 8 PM,reminder
Discussion summary regarding future development,note
Don't let me forget to take medicine at in the evening,reminder
Remind me to attend the meeting at in the evening,reminder
Please call the client,todo
Make sure to submit the assignment,todo
Set a reminder to call John tomorrow,reminder
Don't let me forget to attend the meeting at in the evening,reminder
I should buy groceries,todo
The meeting went well and we discussed API design,note
Discussion summary regarding system architecture,note
Don't let me forget to take medicine at 8 PM,reminder
Thoughts on project timelines,note
This is an idea about deployment strategy,note
I need to buy groceries,todo
The meeting went well and we discussed system architecture,note
I need a reminder to attend the meeting at tomorrow,reminder
Schedule a reminder for attend the meeting,reminder
Discussion summary regarding API design,note
The meeting went well and we discussed future development,note
The meeting went well and we discussed project timelines,note
I need a reminder to call John at in the evening,reminder
Please finish the project report,todo
Remember to buy groceries,todo
This is an idea about system architecture,note
I need to finish the project report,todo
Make sure to buy groceries,todo
Remind me to call John at 8 PM,reminder
Add submit the assignment to my to-do list,todo
Notes from today's meeting about API design,note
The meeting went well and we discussed system architecture,note
Add buy groceries to my to-do list,todo
I should review the code,todo
Remember to finish the project report,todo
Add finish the project report to my to-do list,todo
Schedule a reminder for attend the meeting,reminder
This is an idea about system architecture,note
Make sure to finish the project report,todo
Please buy groceries,todo
Please submit the assignment,todo
Remind me to submit the report at tomorrow,reminder
Thoughts on deployment strategy,note
I need a reminder to attend the meeting at next Monday,reminder
I need a reminder to attend the meeting at in the evening,reminder
The meeting went well and we discussed deployment strategy,note
I need a reminder to call John at 8 PM,reminder
Make sure to call the client,todo
Make sure to call the client,todo
Schedule a reminder for take medicine,reminder
Notes from today's meeting about deployment strategy,note
Make sure to submit the assignment,todo
The meeting went well and we discussed API design,note
Schedule a reminder for submit the report,reminder
Add call the client to my to-do list,todo
I need a reminder to submit the report at tomorrow,reminder
Please call the client,todo
I need a reminder to call John at tomorrow,reminder
Schedule a reminder for take medicine,reminder
I should call the client,todo
Please finish the project report,todo
Schedule a reminder for attend the meeting,reminder
The meeting went well and we discussed API design,note
Remember to buy groceries,todo
Remind me to call John at next Monday,reminder
Thoughts on API design,note
Thoughts on API design,note
I need to call the client,todo
Remind me to attend the meeting at next Monday,reminder
Make sure to finish the project report,todo
Please submit the assignment,todo
Remember to call the client,todo
Add submit the assignment to my to-do list,todo
Discussion summary regarding project timelines,note
Remind me to take medicine at in the evening,reminder
This is an idea about API design,note
Set a reminder to take medicine next Monday,reminder
Please call the client,todo
I need to finish the project report,todo
I should buy groceries,todo
Thoughts on project timelines,note
Add review the code to my to-do list,todo
Thoughts on future development,note
I need to submit the assignment,todo
Make sure to finish the project report,todo
The meeting went well and we discussed deployment strategy,note
Notes from today's meeting about future development,note
Remember to finish the project report,todo
I need to call the client,todo
Add call the client to my to-do list,todo
Schedule a reminder for attend the meeting,reminder
Remind me to submit the report at 8 PM,reminder
Discussion summary regarding system architecture,note
I need a reminder to attend the meeting at 8 PM,reminder
Thoughts on project timelines,note
Don't let me forget to submit the report at tomorrow,reminder
I should buy groceries,todo
Don't let me forget to call John at in the evening,reminder
Discussion summary regarding future development,note
I should review the code,todo
I need to review the code,todo
Add submit the assignment to my to-do list,todo
Make sure to finish the project report,todo
Thoughts on system architecture,note
Schedule a reminder for call John,reminder
Notes from today's meeting about API design,note
Don't let me forget to submit the report at in the evening,reminder
I should submit the assignment,todo
Notes from today's meeting about deployment strategy,note
Set a reminder to call John next Monday,reminder
I should review the code,todo
Don't let me forget to attend the meeting at in the evening,reminder
Set a reminder to attend the meeting 8 PM,reminder
Notes from today's meeting about API design,note
I should review the code,todo
This is an idea about deployment strategy,note
I need a reminder to submit the report at 8 PM,reminder
Schedule a reminder for call John,reminder
I need a reminder to attend the meeting at in the evening,reminder
Please review the code,todo
I should call the client,todo
Notes from today's meeting about future development,note
I need a reminder to call John at next Monday,reminder
I should call the client,todo
Notes from today's meeting about API design,note
Remember to submit the assignment,todo
Set a reminder to take medicine tomorrow,reminder
Schedule a reminder for attend the meeting,reminder
This is an idea about future development,note
I need a reminder to submit the report at next Monday,reminder
Don't let me forget to submit the report at in the evening,reminder
This is an idea about API design,note
I need a reminder to attend the meeting at tomorrow,reminder
Make sure to buy groceries,todo
Don't let me forget to call John at tomorrow,reminder
Add buy groceries to my to-do list,todo
This is an idea about API design,note
I need a reminder to submit the report at 8 PM,reminder
I need a reminder to attend the meeting at 8 PM,reminder
The meeting went well and we discussed future development,note
Set a reminder to call John 8 PM,reminder
I need to finish the project report,todo
The meeting went well and we discussed deployment strategy,note
Make sure to buy groceries,todo
Don't let me forget to call John at in the evening,reminder
Thoughts on deployment strategy,note
Make sure to buy groceries,todo
Don't let me forget to take medicine at next Monday,reminder
Set a reminder to submit the report 8 PM,reminder
Make sure to review the code,todo
Schedule a reminder for submit the report,reminder
Please call the client,todo
Remind me to attend the meeting at in the evening,reminder
Make sure to submit the assignment,todo
Thoughts on project timelines,note
Notes from today's meeting about future development,note
The meeting went well and we discussed deployment strategy,note
Thoughts on project timelines,note
Add review the code to my to-do list,todo
I need to submit the assignment,todo
Add buy groceries to my to-do list,todo
I need a reminder to take medicine at next Monday,reminder
Thoughts on future development,note
Please buy groceries,todo
I need to buy groceries,todo
Make sure to call the client,todo
Remind me to attend the meeting at next Monday,reminder
The meeting went well and we discussed deployment strategy,note
Remind me to submit the report at 8 PM,reminder
I should buy groceries,todo
The meeting went well and we discussed deployment strategy,note
Don't let me forget to take medicine at next Monday,reminder
Thoughts on project timelines,note
Set a reminder to take medicine 8 PM,reminder
The meeting went well and we discussed deployment strategy,note
Thoughts on API design,note
Schedule a reminder for call John,reminder
Add submit the assignment to my to-do list,todo
Remind me to submit the report at 8 PM,reminder
Notes from today's meeting about API design,note
This is an idea about API design,note
This is an idea about deployment strategy,note
This is an idea about system architecture,note
I should submit the assignment,todo
I need to submit the assignment,todo
Please submit the assignment,todo
Remind me to call John at next Monday,reminder
Don't let me forget to take medicine at next Monday,reminder
Don't let me forget to call John at next Monday,reminder
Thoughts on future development,note
Add buy groceries to my to-do list,todo
I should review the code,todo
I need to review the code,todo
Notes from today's meeting about project timelines,note
The meeting went well and we discussed system architecture,note
I need to call the client,todo
Don't let me forget to call John at 8 PM,reminder
Schedule a reminder for take medicine,reminder
Remind me to call John at in the evening,reminder
Remind me to take medicine at in the evening,reminder
Set a reminder to submit the report in the evening,reminder
Please review the code,todo
The meeting went well and we discussed future development,note
I should review the code,todo
Discussion summary regarding API design,note
Discussion summary regarding project timelines,note
Don't let me forget to submit the report at 8 PM,reminder
Make sure to finish the project report,todo
Remember to review the code,todo
Please buy groceries,todo
Thoughts on future development,note
Remind me to attend the meeting at tomorrow,reminder
Make sure to submit the assignment,todo
Schedule a reminder for take medicine,reminder
The meeting went well and we discussed deployment strategy,note
Notes from today's meeting about future development,note
Discussion summary regarding future development,note
Make sure to submit the assignment,todo
Set a reminder to take medicine in the evening,reminder
Notes from today's meeting about API design,note
Add buy groceries to my to-do list,todo
Discussion summary regarding API design,note
Make sure to call the client,todo
Set a reminder to attend the meeting tomorrow,reminder
Remember to finish the project report,todo
Thoughts on system architecture,note
Notes from today's meeting about API design,note
Notes from today's meeting about project timelines,note
Thoughts on project timelines,note
The meeting went well and we discussed project timelines,note
This is an idea about API design,note
I need to review the code,todo
I need to finish the project report,todo
I need to buy groceries,todo
This is an idea about API design,note
This is an idea about project timelines,note
Please submit the assignment,todo
I should buy groceries,todo
Notes from today's meeting about deployment strategy,note
I should finish the project report,todo
Remember to finish the project report,todo
Add buy groceries to my to-do list,todo
Remind me to attend the meeting at 8 PM,reminder
Thoughts on project timelines,note
Set a reminder to take medicine next Monday,reminder
Thoughts on future development,note
Make sure to buy groceries,todo
Add finish the project report to my to-do list,todo
I need to submit the assignment,todo
Set a reminder to call John next Monday,reminder
Discussion summary regarding project timelines,note
I need to review the code,todo
Remind me to attend the meeting at in the evening,reminder
Remember to review the code,todo
The meeting went well and we discussed system architecture,note
Add call the client to my to-do list,todo
Remind me to submit the report at next Monday,reminder
Schedule a reminder for take medicine,reminder
I need a reminder to call John at 8 PM,reminder
I need a reminder to call John at 8 PM,reminder
I need a reminder to call John at tomorrow,reminder
Don't let me forget to submit the report at next Monday,reminder
Remind me to take medicine at in the evening,reminder
This is an idea about system architecture,note
Make sure to buy groceries,todo
This is an idea about future development,note
The meeting went well and we discussed future development,note
I need a reminder to call John at next Monday,reminder
The meeting went well and we discussed API design,note
Set a reminder to submit the report in the evening,reminder
Thoughts on future development,note
Notes from today's meeting about API design,note
Remember to finish the project report,todo
Schedule a reminder for attend the meeting,reminder
Thoughts on future development,note
This is an idea about deployment strategy,note
Remind me to call John at in the evening,reminder
Remind me to call John at 8 PM,reminder
Notes from today's meeting about system architecture,note
I need to finish the project report,todo
Schedule a reminder for take medicine,reminder
Thoughts on deployment strategy,note
This is an idea about API design,note
Please review the code,todo
I need a reminder to attend the meeting at tomorrow,reminder
Please finish the project report,todo
Don't let me forget to take medicine at tomorrow,reminder
Thoughts on project timelines,note
Thoughts on deployment strategy,note
This is an idea about system architecture,note
I should call the client,todo
I need a reminder to submit the report at next Monday,reminder
Don't let me forget to submit the report at in the evening,reminder
Thoughts on API design,note
Schedule a reminder for take medicine,reminder
Discussion summary regarding project timelines,note
Don't let me forget to attend the meeting at 8 PM,reminder
Add submit the assignment to my to-do list,todo
Remember to finish the project report,todo
Thoughts on deployment strategy,note
Thoughts on API design,note
Remind me to submit the report at 8 PM,reminder
Don't let me forget to call John at tomorrow,reminder
Make sure to buy groceries,todo
Notes from today's meeting about future development,note
Remind me to call John at in the evening,reminder
Thoughts on deployment strategy,note
Remind me to submit the report at 8 PM,reminder
I should finish the project report,todo
Set a reminder to attend the meeting next Monday,reminder
Remind me to call John at in the evening,reminder
I need a reminder to attend the meeting at tomorrow,reminder
The meeting went well and we discussed API design,note
Add call the client to my to-do list,todo
Remind me to attend the meeting at tomorrow,reminder
Remember to review the code,todo
Make sure to review the code,todo
Don't let me forget to submit the report at 8 PM,reminder
Thoughts on future development,note
The meeting went well and we discussed project timelines,note
Schedule a reminder for submit the report,reminder
This is an idea about project timelines,note
The meeting went well and we discussed system architecture,note
Remember to finish the project report,todo
Schedule a reminder for take medicine,reminder
Schedule a reminder for attend the meeting,reminder
I should review the code,todo
Thoughts on API design,note
Add submit the assignment to my to-do list,todo
Discussion summary regarding deployment strategy,note
The meeting went well and we discussed future development,note
I should buy groceries,todo
Set a reminder to take medicine 8 PM,reminder
Make sure to review the code,todo
Set a reminder to take medicine in the evening,reminder
This is an idea about system architecture,note
Discussion summary regarding project timelines,note
Remember to call the client,todo
I need a reminder to call John at in the evening,reminder
Schedule a reminder for submit the report,reminder
Make sure to call the client,todo
Please call the client,todo
Remember to buy groceries,todo
This is an idea about system architecture,note
Schedule a reminder for submit the report,reminder
Remember to review the code,todo
Remind me to call John at 8 PM,reminder
Don't let me forget to call John at next Monday,reminder
This is an idea about deployment strategy,note
I need to call the client,todo
Remember to call the client,todo
This is an idea about system architecture,note
Notes from today's meeting about deployment strategy,note
I need a reminder to attend the meeting at next Monday,reminder
Thoughts on future development,note
Remember to review the code,todo
Please buy groceries,todo
Thoughts on future development,note
Notes from today's meeting about system architecture,note
This is an idea about system architecture,note
Set a reminder to submit the report 8 PM,reminder
Don't let me forget to take medicine at 8 PM,reminder
Please buy groceries,todo
Discussion summary regarding future development,note
Please review the code,todo
Set a reminder to submit the report in the evening,reminder
Discussion summary regarding deployment strategy,note
I need a reminder to submit the report at next Monday,reminder
Don't let me forget to take medicine at in the evening,reminder
Make sure to buy groceries,todo
Thoughts on future development,note
Remember to finish the project report,todo
Thoughts on system architecture,note
Set a reminder to take medicine 8 PM,reminder
Thoughts on deployment strategy,note
This is an idea about future development,note
I need a reminder to take medicine at tomorrow,reminder
I should call the client,todo
Discussion summary regarding future development,note
Remind me to submit the report at 8 PM,reminder
Thoughts on deployment strategy,note
I need to submit the assignment,todo
Please finish the project report,todo
Set a reminder to submit the report next Monday,reminder
Add call the client to my to-do list,todo
Thoughts on future development,note
This is an idea about deployment strategy,note
Schedule a reminder for submit the report,reminder
Notes from today's meeting about project timelines,note
Set a reminder to call John tomorrow,reminder
Add buy groceries to my to-do list,todo
Discussion summary regarding system architecture,note
Schedule a reminder for attend the meeting,reminder
Don't let me forget to submit the report at tomorrow,reminder
Add review the code to my to-do list,todo
I should review the code,todo
Don't let me forget to take medicine at next Monday,reminder
I should review the code,todo
Thoughts on deployment strategy,note
This is an idea about API design,note
I need to finish the project report,todo
This is an idea about system architecture,note
Thoughts on system architecture,note
I should finish the project report,todo
Thoughts on project timelines,note
Set a reminder to submit the report 8 PM,reminder
This is an idea about project timelines,note
Add submit the assignment to my to-do list,todo
I need to submit the assignment,todo
Set a reminder to attend the meeting next Monday,reminder
Add submit the assignment to my to-do list,todo
I need a reminder to submit the report at tomorrow,reminder
Make sure to finish the project report,todo
Remind me to call John at tomorrow,reminder
I should finish the project report,todo
This is an idea about deployment strategy,note
I need to review the code,todo
I should call the client,todo
I need to call the client,todo
Schedule a reminder for attend the meeting,reminder
Notes from today's meeting about system architecture,note
Notes from today's meeting about system architecture,note
Remember to review the code,todo
This is an idea about future development,note
I need a reminder to take medicine at tomorrow,reminder
